normalized_name,oddstrader_name,haslametrics_name,dratings_name,conference,ncaa_name,notes
Air Force,Air Force,Air Force,Air Force,TBD,Air Force,✓
Alabama,Alabama,Alabama,Alabama,TBD,Alabama,✓
Alabama State,Alabama State,Alabama State,Alabama State Hornets,TBD,Alabama St.,✓
Appalachian State,Appalachian State,Appalachian St.,Appalachian State,TBD,App State,✓
Arizona State,Arizona State,Arizona State,Arizona State,TBD,Arizona St.,✓
Auburn,Auburn,Auburn,Auburn,TBD,Auburn,✓
Baylor,Baylor,Baylor,Baylor,TBD,Baylor,✓
Belmont,Belmont,Belmont,Belmont,TBD,Belmont,✓
Boston College,Boston College,Boston College,Boston College,TBD,Boston College,✓
Bowling Green,Bowling Green,Bowling Green,Bowling Green,TBD,Bowling Green,✓
Bradley,Bradley,Bradley,Bradley,TBD,Bradley,MISSING_DRATE
Brown,Brown,Brown,Brown,TBD,Brown,✓
Bucknell,Bucknell,Bucknell,Bucknell,TBD,Bucknell,✓
Buffalo,Buffalo,Buffalo,Buffalo,TBD,Buffalo,✓
Cal State Northridge,Cal State Northridge,CSU Northridge,Cal State Northridge Matadors,TBD,CSUN,✓
Cincinnati,Cincinnati,Cincinnati,Cincinnati,TBD,Cincinnati,✓
Colorado State,Colorado State,Colorado State,Colorado State,TBD,Colorado St.,✓
Columbia,Columbia,Columbia,Columbia,TBD,Columbia,✓
Denver,Denver,Denver,Denver Pioneers,TBD,Denver,✓
Eastern Michigan,Eastern Michigan,E. Michigan,Eastern Michigan,TBD,Eastern Mich.,✓
Fairfield,Fairfield,Fairfield,Fairfield Stags,TBD,Fairfield,✓
Fresno State,Fresno State,Fresno State,Fresno State,TBD,Fresno St.,✓
Gardner-webb,Gardner-webb,Gardner-Webb,Gardner Webb Runnin',TBD,Gardner-Webb,✓
Georgia State,Georgia State,Georgia State,Georgia State,TBD,Georgia St.,MISSING_DRATE
Gonzaga,Gonzaga,Gonzaga,Gonzaga,TBD,Gonzaga,✓
Harvard,Harvard,Harvard,Harvard Crimson,TBD,Harvard,✓
Houston,Houston,Houston,Houston,TBD,Houston,✓
Idaho,Idaho,Idaho,Idaho Vandals,TBD,Idaho,✓
Idaho State,Idaho State,Idaho State,Idaho State Bengals,TBD,Idaho St.,✓
Illinois-chicago,Illinois-chicago,,,TBD,UIC,MISSING_HASLA|MISSING_DRATE
Indiana State,Indiana State,Indiana State,Indiana State,TBD,Indiana St.,✓
Iowa State,Iowa State,Iowa State,Iowa State,TBD,Iowa St.,✓
Jacksonville State,Jacksonville State,Jacksonville St.,Jacksonville State,TBD,Jacksonville St.,✓
Kansas,Kansas,Kansas,Kansas,TBD,Kansas,✓
Kentucky,Kentucky,Kentucky,Kentucky,TBD,Kentucky,✓
Liberty,Liberty,Liberty,Liberty,TBD,Liberty,MISSING_DRATE
Lipscomb,Lipscomb,Lipscomb,Lipscomb Bisons,TBD,Lipscomb,✓
Long Beach State,Long Beach State,Long Beach St.,Long Beach State 49ers,TBD,Long Beach St.,✓
Louisiana Tech,Louisiana Tech,LA Tech,Louisiana Tech,TBD,Louisiana Tech,✓
Manhattan,Manhattan,Manhattan,Manhattan Jaspers,TBD,Manhattan,✓
Marshall,Marshall,Marshall,Marshall,TBD,Marshall,✓
Maryland,Maryland,Maryland,Maryland,TBD,Maryland,✓
Massachusetts-lowell,Massachusetts-lowell,UMass Lowell,Umass Lowell River,TBD,UMass Lowell,✓
Memphis,Memphis,Memphis,Memphis,TBD,Memphis,✓
Mercer,Mercer,Mercer,Mercer,TBD,Mercer,✓
Michigan,Michigan,Michigan,Michigan,TBD,Michigan,✓
Navy,Navy,Navy,Navy Midshipmen,TBD,Navy,✓
NC State,NC State,NC State,NC State,TBD,NC State,✓
Nc-wilmington,Nc-wilmington,UNC Wilmington,Unc Wilmington Seahawks,TBD,UNCW,✓
New Hampshire,New Hampshire,UNH,New Hampshire,TBD,New Hampshire,✓
New Mexico,New Mexico,New Mexico,New Mexico Lobos,TBD,New Mexico,✓
New Mexico State,New Mexico State,New Mexico St.,New Mexico State,TBD,New Mexico St.,MISSING_HASLA
New Orleans,New Orleans,New Orleans,New Orleans,TBD,New Orleans,✓
North Dakota State,North Dakota State,North Dakota St.,North Dakota State,TBD,North Dakota St.,✓
Northern Colorado,Northern Colorado,N. Colorado,Northern Colorado,TBD,Northern Colo.,✓
Northern Kentucky,Northern Kentucky,N. Kentucky,Northern Kentucky Norse,TBD,Northern Ky.,✓
Notre Dame,Notre Dame,Notre Dame,Notre Dame,TBD,Notre Dame,✓
Pepperdine,Pepperdine,Pepperdine,Pepperdine Waves,TBD,Pepperdine,✓
Portland,Portland,Portland,Portland Pilots,TBD,Portland,✓
Robert Morris,Robert Morris,Robert Morris,Robert Morris,TBD,Robert Morris,✓
Saint Mary's,Saint Mary's,Saint Mary's,Saint Mary's College,TBD,Saint Mary's (CA),✓
Sam Houston State,Sam Houston State,Sam Houston,Sam Houston State Bearkats,TBD,Sam Houston,✓
San Diego State,San Diego State,San Diego State,San Diego State,TBD,San Diego St.,✓
Seton Hall,Seton Hall,Seton Hall,Seton Hall,TBD,Seton Hall,✓
South Florida,South Florida,USF,South Florida,TBD,South Fla.,✓
Southeastern Louisiana,Southeastern Louisiana,SE Louisiana,Southeastern Louisiana,TBD,Southeastern La.,✓
Southern Illinois,Southern Illinois,S. Illinois,Southern Illinois,TBD,Southern Ill.,✓
Southern Indiana,Southern Indiana,S. Indiana,Southern Indiana Screaming,TBD,Southern Ind.,✓
St. Francis,St. Francis,St. Francis (PA),St. Francis,TBD,Saint Francis,✓
St. John's,St. John's,St. John's,St. John's,TBD,St. John's (NY),✓
Stonehill,Stonehill,Stonehill,Stonehill Skyhawks,TBD,Stonehill,✓
Syracuse,Syracuse,Syracuse,Syracuse,TBD,Syracuse,✓
Tennessee,Tennessee,Tennessee,Tennessee,TBD,Tennessee,✓
Tennessee Tech,Tennessee Tech,Tenn. Tech,Tennessee Tech Golden,TBD,Tennessee Tech,✓
Texas,Texas,,Texas,TBD,Texas,MISSING_HASLA
Texas Tech,Texas Tech,Texas Tech,Texas Tech,TBD,Texas Tech,✓
Toledo,Toledo,Toledo,Toledo,TBD,Toledo,✓
Troy,Troy,Troy,Troy,TBD,Troy,✓
USC,USC,USC,USC,TBD,Southern California,✓
Valparaiso,Valparaiso,Valparaiso,Valparaiso Beacons,TBD,Valparaiso,✓
Vanderbilt,Vanderbilt,Vanderbilt,Vanderbilt,TBD,Vanderbilt,✓
Virginia Commonwealth,Virginia Commonwealth,VCU,Vcu,TBD,VCU,✓
Virginia Military,Virginia Military,VMI,VMI,TBD,VMI,✓
Virginia Tech,Virginia Tech,Virginia Tech,Virginia Tech,TBD,Virginia Tech,✓
Wagner,Wagner,Wagner,Wagner Seahawks,TBD,Wagner,✓
Washington State,Washington State,Washington St.,Washington State,TBD,Washington St.,MISSING_HASLA
Western Kentucky,Western Kentucky,W. Kentucky,Western Kentucky Hilltoppers,TBD,Western Ky.,✓
Wichita State,Wichita State,Wichita State,Wichita State,TBD,Wichita St.,✓
Wofford,Wofford,Wofford,Wofford Terriers,TBD,Wofford,✓
Wyoming,Wyoming,Wyoming,Wyoming,TBD,Wyoming,✓
Abilene Christian,,Abil. Christian,,TBD,Abilene Christian,hasla_only
Army,,Army,,TBD,Army,hasla_only
Austin Peay,,Austin Peay,,TBD,Austin Peay,hasla_only
Bellarmine,,Bellarmine,,TBD,Bellarmine,hasla_only
Bethune Cookman,,Bethune-Cookman,,TBD,Bethune Cookman,hasla_only
Boise State,,Boise State,,TBD,Boise St.,hasla_only
Boston U,,Boston U,,TBD,Boston U,hasla_only
Cal Baptist,,Cal Baptist,,TBD,Cal Baptist,hasla_only
Cal Poly,,,Cal Poly,TBD,Cal Poly,drate_only
California,,California,,TBD,California,hasla_only
California Golden,,,California Golden,TBD,California Golden,drate_only
Campbell,,Campbell,,TBD,Campbell,hasla_only
Cent. Arkansas,,Cent. Arkansas,,TBD,Cent. Arkansas,hasla_only
Chicago State,,Chicago State,,TBD,Chicago State,hasla_only
Coppin State,,Coppin State,,TBD,Coppin State,hasla_only
Creighton,,Creighton,,TBD,Creighton,hasla_only
Csu Bakersfield,,CSU Bakersfield,,TBD,Csu Bakersfield,hasla_only
Delaware,,Delaware,,TBD,Delaware,hasla_only
Drexel,,Drexel,,TBD,Drexel,hasla_only
E. Illinois,,E. Illinois,,TBD,E. Illinois,hasla_only
E. Washington,,E. Washington,,TBD,E. Washington,hasla_only
East Texas A&m,,East Texas A&M,,TBD,East Texas A&m,hasla_only
Ecu,,ECU,,TBD,Ecu,hasla_only
Florida Atlantic,,FAU,,TBD,Florida Atlantic,hasla_only
Florida Gulf Coast,,FGCU,,TBD,Florida Gulf Coast,hasla_only
Florida State,,Florida State,,TBD,Florida State,hasla_only
Fort Wayne,,Fort Wayne,,TBD,Fort Wayne,hasla_only
Gardner Webb Runnin',,,Gardner Webb Runnin',TBD,Gardner Webb Runnin',drate_only
George Mason,,George Mason,,TBD,George Mason,hasla_only
George Washington,,G. Washington,,TBD,George Washington,hasla_only
Georgia Southern,,,Georgia Southern,TBD,Georgia Southern,drate_only
Grand Canyon,,Grand Canyon,,TBD,Grand Canyon,hasla_only
Grand Canyon Antelopes,,,Grand Canyon Antelopes,TBD,Grand Canyon Antelopes,drate_only
Hampton,,Hampton,,TBD,Hampton,hasla_only
Houston Christian,,Houston Christian,,TBD,Houston Christian,hasla_only
Indiana,,Indiana,,TBD,Indiana,hasla_only
Iowa,Iowa,Iowa,Iowa,TBD,Iowa,✓
Jacksonville,,Jacksonville,,TBD,Jacksonville,hasla_only
James Madison,,JMU,,TBD,James Madison,hasla_only
Kansas State,,Kansas State,,TBD,Kansas State,hasla_only
Kennesaw State,,Kennesaw State,,TBD,Kennesaw St.,hasla_only
Lehigh,,Lehigh,,TBD,Lehigh,hasla_only
Louisville,,,Louisville,TBD,Louisville,drate_only
Loyola Marymount,,Loyola Marymount,,TBD,Loyola Marymount,hasla_only
Loyola-chicago,,Loyola-Chicago,,TBD,Loyola-chicago,hasla_only
Marist,,Marist,,TBD,Marist,hasla_only
McNeese,,McNeese,,TBD,McNeese,hasla_only
Michigan State,,Michigan State,,TBD,Michigan State,hasla_only
Miss. Valley St.,,Miss. Valley St.,,TBD,Miss. Valley St.,hasla_only
Missouri,,,Missouri,TBD,Missouri,drate_only
Montana,,,Montana,TBD,Montana,drate_only
Morgan State,,Morgan State,,TBD,Morgan State,hasla_only
Ms Valley State Delta Devils,,,Ms Valley State Delta Devils,TBD,Ms Valley State Delta Devils,drate_only
Mt. St. Mary's,,Mt. St. Mary's,,TBD,Mt. St. Mary's,hasla_only
MTSU,,MTSU,,TBD,MTSU,hasla_only
Murray State,,Murray State,,TBD,Murray State,hasla_only
N. Illinois,,N. Illinois,,TBD,N. Illinois,hasla_only
Nc Central,,NC Central,,TBD,Nc Central,hasla_only
Nebraska,,,Nebraska,TBD,Nebraska,drate_only
New Mexico St.,,New Mexico St.,,TBD,New Mexico St.,hasla_only
Njit,,,Njit,TBD,NJIT,drate_only
North Carolina,,North Carolina,,TBD,North Carolina,hasla_only
North Texas,,North Texas,,TBD,North Texas,hasla_only
Northern Iowa,,Northern Iowa,,TBD,UNI,hasla_only
Oakland,,,Oakland,TBD,Oakland,drate_only
Ohio,,Ohio,,TBD,Ohio,hasla_only
Ohio State,,Ohio State,,TBD,Ohio State,hasla_only
Old Dominion,,Old Dominion,,TBD,Old Dominion,hasla_only
Ole Miss,,,Ole Miss,TBD,Ole Miss,drate_only
Omaha,,Omaha,,TBD,Omaha,hasla_only
Oral Roberts,,Oral Roberts,,TBD,Oral Roberts,hasla_only
Oregon,,,Oregon,TBD,Oregon,drate_only
Pacific,,Pacific,,TBD,Pacific,hasla_only
Penn State,,Penn State,,TBD,Penn State,hasla_only
Portland State,,Portland State,,TBD,Portland State,hasla_only
Princeton,,Princeton,,TBD,Princeton,hasla_only
Quinnipiac,,Quinnipiac,,TBD,Quinnipiac,hasla_only
Rhode Island,,URI,,TBD,Rhode Island,hasla_only
Rice,,Rice,,TBD,Rice,hasla_only
Rider,,Rider,,TBD,Rider,hasla_only
Rutgers,,Rutgers,,TBD,Rutgers,hasla_only
S. Carolina St.,,S. Carolina St.,,TBD,S. Carolina St.,hasla_only
Samford,,Samford,,TBD,Samford,hasla_only
San Diego,,San Diego,,TBD,San Diego,hasla_only
San Jose State,,San Jose State,,TBD,San Jose St.,hasla_only
Se Missouri St.,,SE Missouri St.,,TBD,Se Missouri St.,hasla_only
Se Missouri State Redhawks,,,Se Missouri State Redhawks,TBD,Se Missouri State Redhawks,drate_only
South Carolina State,,,South Carolina State,TBD,South Carolina State,drate_only
South Dakota St.,,South Dakota St.,,TBD,South Dakota St.,hasla_only
St. Bonaventure,,St. Bonaventure,,TBD,St. Bonaventure,hasla_only
Stetson,,Stetson,,TBD,Stetson,hasla_only
Stony Brook,,Stony Brook,,TBD,Stony Brook,hasla_only
Temple,,Temple,,TBD,Temple,hasla_only
Tennessee St.,,Tennessee St.,,TBD,Tennessee St.,hasla_only
Texas A&m,,Texas A&M,,TBD,Texas A&m,hasla_only
Towson,,Towson,,TBD,Towson,hasla_only
Tulsa,,Tulsa,,TBD,Tulsa,hasla_only
UAB,,UAB,,TBD,UAB,hasla_only
Uc Irvine,,UC Irvine,,TBD,UC Irvine,hasla_only
Uc Irvine Anteaters,,,Uc Irvine Anteaters,TBD,Uc Irvine Anteaters,drate_only
UC San Diego,,UC San Diego,,TBD,UC San Diego,hasla_only
Ucf,,UCF,,TBD,Ucf,hasla_only
UCLA,,,UCLA,TBD,UCLA,drate_only
Uic,,,Uic,TBD,UIC,drate_only
Umass Lowell River,,,Umass Lowell River,TBD,Umass Lowell River,drate_only
Umes,,UMES,,TBD,Umes,hasla_only
Unc Asheville,,UNC Asheville,,TBD,Unc Asheville,hasla_only
UNC Greensboro,,UNCG,,TBD,UNC Greensboro,hasla_only
Unc Wilmington Seahawks,,,Unc Wilmington Seahawks,TBD,Unc Wilmington Seahawks,drate_only
Unlv,,,Unlv,TBD,UNLV,drate_only
Usc Upstate,,USC Upstate,,TBD,Usc Upstate,hasla_only
Utah,,Utah,,TBD,Utah,hasla_only
Utah Tech,,Utah Tech,,TBD,Utah Tech,hasla_only
Utah Tech Trailblazers,,,Utah Tech Trailblazers,TBD,Utah Tech Trailblazers,drate_only
Utah Utes,,,Utah Utes,TBD,Utah Utes,drate_only
Utah Valley,,Utah Valley,,TBD,Utah Valley,hasla_only
UTEP,,UTEP,,TBD,UTEP,hasla_only
Utsa,,,Utsa,TBD,Utsa,drate_only
Vcu,,,Vcu,TBD,VCU,drate_only
Vermont,,Vermont,,TBD,Vermont,hasla_only
Villanova,,Villanova,,TBD,Villanova,hasla_only
VMI,,,VMI,TBD,VMI,drate_only
Wake Forest,,Wake Forest,,TBD,Wake Forest,hasla_only
Washington St.,,Washington St.,,TBD,Washington St.,hasla_only
William & Mary,,William & Mary,,TBD,William & Mary,hasla_only
Winthrop,,,Winthrop,TBD,Winthrop,drate_only
Wright State,,Wright State,,TBD,Wright State,hasla_only
FIU,FIU,FIU,FIU,TBD,FIU,✓
Grand Canyon,Grand Canyon,Grand Canyon,Grand Canyon Antelopes,TBD,Grand Canyon,✓
Loyola Chicago,Loyola Chicago,Loyola-Chicago,Loyola Chicago Ramblers,TBD,Loyola Chicago,✓
Miami,Miami,Miami (OH),Miami Redhawks,TBD,Miami (OH),✓
Nebraska-omaha,Nebraska-omaha,Omaha,Omaha Mavericks,TBD,Omaha,✓
Northern Arizona,Northern Arizona,N. Arizona,Northern Arizona,TBD,Northern Ariz.,✓
Northern Iowa,Northern Iowa,Northern Iowa,Northern Iowa,TBD,UNI,✓
Ole Miss,Ole Miss,Ole Miss,Ole Miss,TBD,Ole Miss,✓
Oral Roberts,Oral Roberts,Oral Roberts,Oral Roberts,TBD,Oral Roberts,✓
Princeton,Princeton,Princeton,Princeton,TBD,Princeton,✓
Rhode Island,Rhode Island,URI,Rhode Island,TBD,Rhode Island,✓
Rice,Rice,Rice,Rice,TBD,Rice,✓
Samford,Samford,Samford,Samford,TBD,Samford,✓
San Jose State,San Jose State,San Jose State,San Jose State,TBD,San Jose St.,✓
South Dakota State,South Dakota State,South Dakota St.,South Dakota State Jackrabbits,TBD,South Dakota St.,✓
Southeast Missouri State,Southeast Missouri State,SE Missouri St.,Se Missouri State Redhawks,TBD,Southeast Mo. St.,✓
Temple,Temple,Temple,Temple,TBD,Temple,✓
Towson,Towson,Towson,Towson,TBD,Towson,✓
Tulsa,Tulsa,Tulsa,Tulsa Golden Hurricane,TBD,Tulsa,✓
UC San Diego,UC San Diego,UC San Diego,UC San Diego,TBD,UC San Diego,✓
UNC Greensboro,UNC Greensboro,UNCG,UNC Greensboro,TBD,UNC Greensboro,✓
Uc Irvine,Uc Irvine,UC Irvine,Uc Irvine Anteaters,TBD,UC Irvine,✓
Utah,Utah,Utah,Utah Utes,TBD,Utah,✓
Utah Valley,Utah Valley,Utah Valley,Utah Valley,TBD,Utah Valley,✓
Vermont,Vermont,Vermont,Vermont,TBD,Vermont,✓
App State,App State,,,,App State,NEW
Columbia Int'l,Columbia Int'l,,,,Columbia Int'l,NEW
Delaware St.,Delaware St.,,,,Delaware St.,NEW
Northern Ky.,Northern Ky.,,,,Northern Ky.,NEW
Sam Houston,Sam Houston,,,,Sam Houston,NEW
Southern California,Southern California,,,,Southern California,NEW
Southern Ind.,Southern Ind.,,,,Southern Ind.,NEW
St. Mary's (MD),St. Mary's (MD),,,,St. Mary's (MD),NEW
Texas Lutheran,Texas Lutheran,,,,Texas Lutheran,NEW
Texas Southern,Texas Southern,,,,Texas Southern,NEW
Virginia St.,Virginia St.,,,,Virginia St.,NEW
Army West Point,Army West Point,,,,Army West Point,NEW
Biblical Stud. (TX),Biblical Stud. (TX),,,,Biblical Stud. (TX),NEW
Bryant,Bryant,,,,Bryant,NEW
CSUN,CSUN,,,,CSUN,NEW
Chaminade,Chaminade,,,,Chaminade,NEW
Cornell,Cornell,,,,Cornell,NEW
Duquesne,Duquesne,,,,Duquesne,NEW
FDU,FDU,,,,FDU,NEW
FGCU,FGCU,,,,FGCU,NEW
Holy Cross,Holy Cross,,,,Holy Cross,NEW
Howard,Howard,,,,Howard,NEW
Mercy,Mercy,,,,Mercy,NEW
Miami (OH),Miami (OH),,,,Miami (OH),NEW
Misericordia,Misericordia,,,,Misericordia,NEW
Presbyterian,Presbyterian,,,,Presbyterian,NEW
The Citadel,The Citadel,,,,The Citadel,NEW
UIW,UIW,,,,UIW,NEW
UNCW,UNCW,,,,UNCW,NEW
UNI,UNI,,,,UNI,NEW
Worcester St.,Worcester St.,,,,Worcester St.,NEW
Central St. (OH),Central St. (OH),,,,Central St. (OH),NEW
